A,B
30,22
49,62
43,7
20,26
34,42
17,22
39,52
35,16
64,19
29,31
36,17
53,61
31,43
34,61
10,68
11,27
9,14
53,22
11,30
70,48
38,2
39,34
30,30
3,29
35,68
69,48
42,10
26,19
40,33
30,35
34,29
48,6
12,44
41,19
58,13
12,52
67,49
23,52
6,59
58,5
67,59
64,48
20,55
52,56
29,61
48,63
32,9
12,6
65,35
58,8
37,9
2,59
20,3
42,38
3,7
2,30
68,1
50,24
11,54
19,31
56,42
57,24
36,28
47,6
56,55
52,66
18,10
41,19
27,5
60,32
5,35
69,0
46,65
3,66
15,6
28,58
17,53
60,68
19,23
61,24
69,63
9,12
66,27
7,34
23,53
5,12
12,17
56,48
4,12
55,16
13,56
31,54
9,46
12,20
50,53
14,59
30,34
47,48
8,4
65,13
49,37
25,28
0,46
3,39
31,46
32,63
67,47
34,67
44,9
21,69
4,54
30,48
16,3
4,53
43,5
66,69
43,9
26,15
17,33
31,4
53,28
37,13
17,45
62,51
24,39
35,34
11,40
26,23
26,38
44,39
56,23
17,7
14,52
23,40
13,15
69,70
32,53
46,60
15,44
29,62
3,36
52,21
40,9
0,21
1,52
62,32
22,25
59,44
17,40
58,28
27,17
36,45
37,59
5,14
21,40
46,51
53,6
39,48
42,17
51,5
4,38
61,58
9,35
49,5
41,4
54,31
67,15
50,52
7,17
39,3
33,43
65,28
1,54
48,4
52,65
48,36
60,30
70,12
61,31
44,69
3,8
59,29
5,60
44,70
26,44
49,70
32,18
65,57
4,18
3,23
48,55
13,22
4,35
59,12
63,24
30,20
65,15
10,14
53,45
43,10
27,30
39,32
3,22
61,17
8,38
62,16
41,41
0,57
68,56
58,67
64,18
14,33
13,0
61,52
46,37
49,41
42,60
10,46
0,57
36,14
67,68
20,39
2,47
0,58
58,27
61,68
65,22
3,7
64,38
55,45
11,49
9,30
60,34
3,59
40,31
4,39
23,21
41,7
15,66
36,15
23,42
63,8
21,16
41,41
52,60
8,56
0,47
32,40
19,15
61,42
66,51
42,61
1,39
59,56
0,48
62,37
10,15
32,3
28,30
12,52
7,49
1,51
50,37
24,54
63,13
11,24
53,5
38,7
24,49
70,1
37,17
49,47
48,55
24,23
60,47
25,31
7,52
43,63
32,13
55,7
58,37
25,9
61,4
34,40
64,4
24,58
61,3
9,61
55,60
40,60
32,30
43,13
63,3
60,54
49,17
57,12
0,45
48,12
60,27
61,22
39,50
36,64
33,67
12,39
18,52
47,7
57,22
19,22
42,35
59,45
16,23
8,57
63,45
43,58
16,26
13,49
52,59
2,69
8,59
32,4
35,48
54,38
55,22
62,16
22,43
5,51
42,58
19,32
22,20
30,58
25,25
41,29
20,37
45,7
69,37
5,22
68,16
34,67
28,33
15,29
68,33
43,18
55,24
41,37
69,37
50,68
52,43
24,51
27,2
58,68
3,23
52,55
5,49
40,61
70,59
29,4
59,19
11,52
14,27
7,24
25,9
22,9
3,46
24,11
45,67
37,45
2,30
0,8
50,63
66,5
12,0
66,42
44,48
13,70
27,62
26,68
19,34
5,15
53,63
29,59
44,46
63,18
59,22
0,54
58,24
3,6
23,45
63,21
28,36
34,29
13,40
43,27
68,26
16,5
41,39
28,1
54,7
15,51
30,25
50,30
67,10
60,32
26,57
46,10
17,49
23,53
19,61
43,18
63,32
39,51
60,55
47,46
1,24
59,54
9,54
22,60
22,49
12,29
46,15
61,2
38,49
14,18
10,47
62,15
37,1
33,32
36,0
46,47
32,22
67,19
53,40
50,37
8,59
29,13
9,6
28,12
19,67
61,33
39,18
52,56
43,62
26,62
19,11
28,38
62,60
13,54
2,14
26,13
41,28
64,65
8,27
31,46
64,58
37,67
10,6
17,18
0,56
51,59
37,29
18,23
1,51
41,28
8,46
58,50
14,21
52,45
51,48
53,25
37,37
7,33
4,67
54,61
51,13
59,7
67,41
32,45
15,22
49,24
65,63
2,51
34,31
39,53
40,68
37,41
15,48
37,25
19,9
64,62
57,20
30,66
57,56
62,63
65,45
0,50
44,8
19,4
20,68
12,19
10,2
19,9
7,58
2,40
2,22
39,64
66,51
20,56
45,6
43,34
44,51
70,49
0,67
1,60
59,42
37,29
48,30
70,55
0,8
21,62
40,53
14,12
47,29
62,12
61,11
38,70
26,17
58,62
60,32
16,45
67,15
33,11
23,58
11,28
5,29
0,69
30,16
60,38
22,63
54,58
57,66
35,70
3,13
10,46
16,62
69,32
39,39
45,26
68,28
27,8
57,18
6,62
49,45
22,57
17,55
3,33
30,52
41,55
7,67
44,42
35,66
4,63
50,4
62,39
21,17
62,21
13,54
12,38
42,10
0,26
1,38
38,69
16,6
23,58
55,58
36,12
24,67
59,36
36,41
24,41
69,30
31,20
48,39
11,1
19,15
31,24
5,14
24,36
7,3
1,28
57,7
41,57
21,60
39,45
5,49
58,57
40,65
65,62
42,19
18,17
70,28
36,69
64,16
24,9
61,64
12,45
38,0
30,70
60,29
0,70
44,61
39,43
49,8
35,40
42,68
23,37
53,2
5,26
66,47
60,18
7,62
55,39
15,66
66,22
60,70
57,60
26,9
55,57
65,59
53,18
5,40
63,46
30,6
48,14
29,41
47,7
26,63
41,50
52,30
12,3
16,11
38,48
42,7
18,47
18,23
42,12
12,34
44,2
34,54
4,52
39,35
14,33
62,8
22,52
67,64
46,56
70,30
25,64
41,68
53,42
41,6
68,3
4,57
33,40
3,64
2,62
68,51
62,54
49,48
22,6
11,34
46,54
32,35
60,51
63,15
51,56
35,48
67,9
31,0
31,33
8,10
25,15
7,28
21,51
17,56
47,51
52,36
44,0
16,53
40,68
9,42
45,54
47,56
7,31
28,70
25,47
45,57
20,58
57,19
3,20
19,64
61,59
62,34
24,26
5,21
32,69
38,64
48,16
15,41
11,69
45,1
64,45
56,40
10,58
57,5
17,62
28,69
67,68
39,22
8,62
53,67
50,45
11,47
45,36
64,23
57,5
24,60
41,59
33,7
59,39
5,29
24,7
29,67
14,29
48,6
34,38
48,39
23,31
48,1
2,49
56,11
41,1
46,58
14,15
19,12
61,3
39,24
1,54
64,58
67,2
31,3
19,21
45,48
10,53
40,67
9,10
42,70
53,29
35,13
58,22
40,56
16,70
6,32
34,19
44,35
55,24
52,57
38,42
37,31
49,69
60,23
3,44
67,35
42,55
56,12
6,31
52,50
58,44
33,2
18,38
59,2
59,48
6,4
11,61
39,38
59,8
2,4
6,1
69,53
50,15
28,7
37,60
24,3
51,44
30,68
18,23
55,45
69,7
9,30
17,63
65,62
35,37
44,29
50,16
30,43
2,51
30,30
37,69
7,47
60,48
43,66
45,20
3,0
54,49
27,7
29,10
29,59
46,14
31,33
67,45
27,38
25,62
4,49
46,56
31,13
35,36
52,51
46,49
63,67
44,25
45,30
31,30
67,36
65,57
56,56
20,18
20,50
39,14
24,51
45,51
44,68
32,14
31,30
56,45
22,70
12,50
50,30
70,30
19,1
49,25
53,37
13,18
23,28
25,37
33,67
55,21
48,7
19,47
65,51
60,0
14,26
44,57
1,66
33,30
26,47
27,42
38,56
66,19
62,45
17,14
70,44
23,35
4,32
67,36
10,13
10,21
43,37
49,45
62,30
44,31
12,5
61,12
4,4
43,31
44,56
40,59
50,21
9,4
51,52
67,5
5,57
4,29
65,60
24,46
15,2
49,10
63,25
46,61
39,2
51,10
53,34
6,34
59,30
15,70
4,11
59,8
70,4
7,70
44,70
16,65
17,13
38,66
9,48
45,31
36,6
49,16
65,40
34,58
25,50
11,58
4,46
28,51
69,66
2,60
36,27
6,1
3,67
69,15
40,52
50,33
59,23
40,7
21,49
18,39
65,45
47,13
38,56
34,57
55,54
48,2
44,16
62,62
22,32
48,19
44,8
23,21
20,67
26,43
56,9
20,3
46,10
51,68
6,35
48,38
5,39
52,32
28,61
70,50
68,19
1,44
70,26
11,55
12,51
1,67
51,8
26,66
11,22
4,61
15,6
33,21
31,24
21,45
21,36
28,63
56,0
30,16
70,61
65,26
29,40
56,23
26,23
12,21
23,6
23,51
45,20
69,31
10,8
53,63
30,67
45,50
60,8
7,43
48,5
53,16
34,38
55,24
44,8
53,43
64,43
70,20
35,57
43,28
5,52
57,27
7,26
39,14
5,23
64,12
60,40
51,47
35,50
11,8
5,24
57,16
43,14
56,66
54,61
43,20
5,47
53,13
29,53
59,2
70,30
0,35
68,8
61,36
32,25
69,52
47,60
50,8
35,62
14,56
35,5
2,52
49,9
30,0
37,19
20,43
7,20
19,20
10,30
23,69
7,62
12,34
26,53
37,16
56,21
20,14
2,48
19,70
8,29
40,58
48,16
0,8
47,4
67,21
13,59
70,55
66,20
23,70
36,59
57,64
36,19
43,20
24,70
48,64
7,43
30,48
18,42
2,0
4,21
67,59
4,37
9,60
5,51
19,0
29,56
53,63
42,57
66,49
69,23
24,69
43,31
40,62
66,52
33,67
52,33
13,13
49,25
35,58
27,18
61,35
10,5
20,9
61,61
51,33
51,60
3,14
61,51
48,21
12,42
58,35
17,18
67,48
61,4
25,21
35,58
65,63
69,26
1,57
33,50
15,44
52,5
67,43
49,54
34,28
10,22
53,26
28,16
37,57
14,23
45,24
47,60
35,58
55,8
1,17
67,40
69,52
26,55
46,48
47,27
8,30
68,42
32,31
49,67
34,13
67,22
56,23
68,55
44,27
16,47
31,13
31,36
47,15
36,11
53,22
68,30
41,57
37,10
57,33
45,32
21,50
48,24
57,61
18,1
63,19
66,70
40,14
21,28
12,2
9,21
52,14
21,28
65,11
28,65
46,17
44,6
55,54
4,12
14,61
42,53
3,30
66,70
37,37
60,11
7,13
38,9
16,9
22,52
12,70
21,6
54,3
29,18
16,1
4,14
62,44
41,15
21,2
47,32
5,35
51,28
68,8
25,26
24,11
35,48
57,22
17,26
27,4
18,9
48,25
27,64
57,63
66,24
4,44
23,53
41,40
58,68
19,3
15,45
59,17
20,25
41,35
57,30
69,1
20,12
11,3
68,3
60,2
20,60
6,21
26,64
14,4
52,40
45,63
35,28
29,16
35,17
30,31
52,36
6,44
11,69
11,19
61,48
7,7
70,6
60,37
49,33
66,65
27,4
8,70
70,49
38,58
20,4
68,9
31,15
15,53
42,24
65,62
65,43
67,37
19,24
38,35
21,68
10,48
6,11
6,29
38,25
70,29
16,58
26,58
52,60
67,32
22,56
15,43
19,45
52,37
57,49
68,32
40,8
52,66
47,5
0,37
32,2
7,49
61,43
19,56
52,31
35,25
26,0
34,66
35,44
66,1
58,56
55,22
9,53
56,22
43,26
35,15
19,20
62,45
56,48
70,53
51,64
37,52
43,1
46,64
38,34
20,16
61,26
16,16
27,31
63,9
70,44
49,55
38,46
66,34
29,15
70,65
69,40
28,28
8,30
66,54
12,42
46,17
50,35
37,62
64,61
13,5
9,47
59,57
40,4
21,38
59,48
67,12
64,45
14,20
69,17
37,54
60,57
5,21
34,70
53,26
14,27
55,44
48,37
33,70
40,7
0,54
3,27
10,68
47,14
25,35
15,15
2,20
23,53
63,53
30,28
3,19
36,45
57,2
27,55
14,64
9,45
19,44
25,53
16,40
58,11
35,26
15,29
70,46
45,58
2,64
24,48
59,44
19,51
20,63
25,61
66,67
15,34
1,29
15,48
25,51
40,60
54,55
6,64
18,38
51,9
44,8
63,44
68,34
18,35
19,0
36,23
24,37
2,11
69,7
42,59
56,51
26,35
66,29
46,7
57,21
4,61
55,6
3,21
14,50
1,11
46,2
14,48
39,26
70,69
70,13
37,34
62,3
12,32
32,42
9,67
44,2
36,50
4,41
17,36
26,34
27,42
51,29
33,24
17,56
58,55
69,64
60,41
19,60
23,18
59,1
15,52
15,40
11,59
50,53
4,10
63,17
24,57
18,9
46,34
28,0
20,38
44,18
10,60
57,57
23,3
50,65
47,49
34,67
34,37
7,34
52,66
37,63
0,54
67,30
66,60
38,28
49,54
19,30
55,56
58,40
51,29
28,1
56,66
50,4
61,16
14,28
31,62
21,41
18,33
63,57
68,35
7,67
20,62
28,3
17,23
14,13
12,47
22,47
8,0
52,39
41,61
13,26
46,35
69,39
18,58
65,29
36,46
25,10
22,63
26,17
49,5
10,41
33,0
19,2
30,13
12,51
32,42
6,10
10,24
63,3
31,22
15,10
70,4
31,62
23,48
60,15
56,57
44,6
52,52
59,15
4,44
25,15
14,60
45,55
57,62
16,29
68,4
2,23
23,46
55,26
44,47
49,60
38,66
65,56
65,39
26,55
2,69
28,22
36,10
40,10
43,4
61,68
12,12
59,26
69,33
8,42
49,70
28,41
59,24
31,23
67,68
2,18
13,24
45,23
54,22
60,13
9,41
67,2
8,53
26,22
43,42
47,63
53,64
34,22
33,65
26,58
10,45
22,37
58,10
6,62
58,64
54,50
25,15
39,41
18,49
32,42
27,65
11,38
64,35
37,69
18,55
15,47
20,2
10,10
14,24
70,14
69,26
69,48
31,2
33,43
68,33
62,63
18,46
16,45
48,14
42,29
45,69
27,14
45,35
32,37
27,24
40,15
43,18
5,44
46,58
69,2
24,51
58,63
41,33
18,31
0,69
37,39
9,28
57,36
45,41
62,61
14,44
49,61
20,47
2,56
48,69
39,27
70,17
50,50
62,67
61,9
18,5
28,5
36,47
50,48
60,64
48,20
69,19
35,70
47,35
5,32
12,40
13,25
16,36
32,6
1,9
10,48
62,62
10,10
7,51
36,66
20,9
21,69
50,23
37,58
46,63
44,12
20,20
22,41
56,31
46,12
14,3
17,32
38,60
41,70
49,46
13,26
2,4
2,57
7,49
35,38
65,40
62,34
66,65
45,69
21,48
46,34
1,42
36,52
15,18
60,17
20,32
21,26
65,23
62,7
46,38
0,22
49,17
17,47
54,16
7,18
22,12
5,44
55,56
65,1
67,14
55,6
67,25
38,39
58,29
43,61
14,49
62,15
21,26
38,22
62,15
32,48
66,1
53,57
44,69
1,26
28,39
1,55
27,31
30,6
59,35
26,32
19,11
63,53
18,42
21,16
54,34
36,59
55,6
67,32
41,38
39,50
30,12
64,66
27,65
28,62
59,8
37,3
8,23
21,20
8,32
60,69
36,64
65,61
25,43
0,63
35,61
70,53
46,11
0,42
45,51
54,41
13,49
65,7
17,41
51,53
31,24
20,41
31,44
14,31
38,20
60,39
34,14
19,59
64,33
47,36
40,33
49,5
4,67
11,27
11,54
62,37
58,13
55,50
53,57
26,41
63,48
56,1
62,41
33,8
8,13
47,21
68,7
10,1
17,1
19,7
47,63
9,21
20,29
58,37
61,69
67,27
3,56
7,29
37,1
29,29
54,25
5,32
34,1
66,27
19,47
27,4
65,31
14,50
0,31
27,2
34,27
40,49
52,62
46,36
31,20
12,57
33,24
22,61
23,0
58,14
55,35
51,41
63,50
53,14
62,69
11,48
40,14
51,55
39,38
36,5
62,66
3,23
9,59
30,17
61,12
34,52
18,58
51,8
6,49
31,70
64,64
31,1
1,68
19,20
5,59
20,44
16,5
13,14
11,35
9,47
31,51
61,25
61,53
68,49
63,17
40,40
32,39
37,26
45,17
50,68
8,57
16,52
24,41
0,45
41,3
3,64
39,59
35,16
25,18
34,70
47,8
36,61
19,0
4,20
46,20
58,67
13,47
24,65
3,5
8,33
34,47
19,43
27,54
53,55
1,29
4,50
28,67
56,0
17,65
1,3
44,68
44,8
40,40
22,66
33,24
5,17
8,19
14,18
40,38
23,13
3,69
40,56
23,4
54,31
31,53
66,60
57,57
13,17
1,7
50,25
0,23
0,41
60,59
65,1
27,30
62,1
26,64
50,31
42,10
32,44
44,23
25,10
23,60
60,19
44,20
32,20
34,49
26,27
31,19
28,24
7,8
8,59
36,6
44,18
31,62
57,13
27,67
62,11
67,48
54,17
0,1
18,24
12,49
34,34
44,13
23,50
22,29
68,62
46,31
16,1
43,54
5,2
3,38
10,53
18,29
41,45
27,64
33,16
8,63
7,9
51,14
55,61
66,24
2,52
53,19
3,64
33,37
47,35
38,13
46,58
11,24
44,43
53,46
43,64
21,18
60,17
42,31
52,31
14,39
2,70
25,12
51,0
61,34
16,64
27,26
60,8
4,4
32,42
25,32
5,51
16,15
27,45
21,55
7,1
57,1
6,61
3,67
28,4
33,37
43,13
19,55
30,43
61,3
34,16
10,63
50,7
70,12
9,27
20,24
48,22
48,9
15,42
60,32
54,67
20,12
44,15
66,61
14,14
4,52
55,58
38,64
62,42
39,42
19,54
47,42
2,63
49,20
54,49
39,38
60,51
34,25
9,4
14,20
27,13
9,27
65,1
14,43
64,4
56,21
40,0
20,28
2,1
38,33
64,34
17,14
46,42
40,51
63,52
65,39
10,15
24,28
36,10
0,22
49,30
51,70
16,14
24,41
46,4
42,44
60,58
60,18
22,32
52,42
49,46
69,27
2,2
16,68
45,36
4,20
25,64
48,37
4,8
60,41
43,8
51,39
67,43
8,58
39,35
14,36
68,37
32,51
0,14
36,54
6,33
13,34
49,33
68,26
68,55
9,35
47,16
54,22
2,4
62,49
37,33
65,8
39,70
55,5
39,26
32,54
29,52
17,35
24,58
43,42
31,34
51,39
44,17
50,70
58,65
51,25
21,53
6,44
12,17
32,59
49,30
42,6
29,67
53,20
42,15
23,18
50,24
21,8
23,40
47,37
59,68
0,61
53,42
61,39
69,37
47,23
37,49
26,16
24,42
54,42
46,29
64,33
44,16
21,37
41,9
63,58
63,22
53,24
46,9
28,50
46,54
37,50
32,37
36,34
66,57
42,67
47,14
36,63
37,45
70,10
47,42
32,69
20,62
46,15
44,49
54,1
21,10
49,29
53,64
66,49
29,3
55,69
55,20
6,68
21,9
14,19
41,40
55,49
55,17
22,60
5,53
60,66
4,5
60,23
38,37
9,25
60,16
50,61
29,39
57,39
15,58
30,15
1,35
66,55
42,69
14,29
55,35
3,64
19,67
4,45
54,66
68,18
49,63
19,29
38,19
49,33
24,22
54,12
64,16
55,15
31,64
42,3
28,18
30,61
34,33
69,66
4,15
10,61
48,51
26,18
56,14
42,62
18,33
19,45
1,1
53,9
20,25
57,45
70,39
51,70
50,25
40,34
47,29
27,42
9,47
58,27
6,28
31,65
29,68
6,0
25,34
4,42
49,48
26,57
25,49
48,17
3,53
32,16
63,61
55,35
56,41
22,47
1,21
17,19
30,12
59,43
38,32
34,43
18,9
57,28
37,8
60,20
69,22
15,66
21,43
23,13
19,48
33,13
21,57
0,54
39,37
2,0
25,49
64,2
70,7
55,25
2,34
65,33
15,18
67,69
69,20
5,24
42,25
0,20
59,38
40,13
64,43
24,46
20,41
35,40
44,54
12,70
21,25
24,9
37,40
55,0
17,51
38,1
31,36
18,66
50,36
46,61
59,47
14,49
14,14
20,62
58,49
2,50
6,63
10,66
18,62
29,39
41,16
58,19
14,17
5,9
50,45
35,21
0,7
47,61
10,39
60,54
30,28
65,14
20,70
54,59
69,65
8,64
41,35
17,42
29,23
19,70
20,34
69,11
61,38
43,26
23,61
12,65
53,22
42,69
11,44
23,4
0,23
7,41
29,21
64,46
56,67
63,55
20,24
42,67
35,31
62,59
70,38
43,18
9,13
68,46
19,48
46,1
57,46
42,4
24,14
70,61
27,13
18,29
19,26
46,54
33,26
59,39
40,66
20,26
69,16
66,56
11,9
24,64
41,20
4,12
59,2
70,4
50,55
48,57
67,45
36,62
1,50
65,31
21,10
29,32
65,2
42,52
49,20
8,52
52,12
66,8
13,20
36,6
7,42
12,56
17,25
69,7
48,0
26,49
8,10
48,63
46,55
21,31
57,62
40,70
51,67
18,26
14,20
5,35
3,43
14,58
3,55
0,70
59,22
57,7
25,61
22,21
6,37
13,33
56,29
61,29
13,70
52,39
53,7
45,48
29,59
16,3
47,7
1,66
60,17
15,68
30,9
20,56
70,45
15,8
49,0
60,16
23,33
10,62
19,17
58,30
10,41
7,51
55,30
2,49
53,68
13,55
14,62
12,57
53,43
49,66
0,18
38,17
53,20
52,24
32,55
30,24
13,33
14,65
49,13
46,22
63,68
52,59
55,4
30,60
55,65
4,19
13,66
1,33
12,41
10,56
1,26
69,64
46,52
63,48
65,2
34,31
8,55
0,0
29,52
27,12
7,27
4,61
68,52
63,34
55,31
29,5
47,50
17,18
41,29
15,44
43,31
50,11
44,7
14,45
18,28
5,14
49,51
15,28
46,67
69,68
4,46
19,9
20,58
18,2
48,69
39,27
22,49
61,47
30,10
58,10
67,43
21,53
41,32
0,12
18,31
56,57
47,25
41,56
26,28
70,17
59,21
68,48
56,64
33,1
25,62
60,45
25,59
32,8
56,7
48,50
15,17
19,8
16,27
34,67
42,49
3,41
38,45
61,54
35,44
67,56
31,15
67,56
17,69
45,69
26,9
10,6
66,68
28,4
28,66
4,1
25,37
56,45
37,0
10,14
13,54
33,24
63,56
44,22
43,34
52,51
5,41
30,5
38,31
22,29
43,12
10,24
37,50
57,49
28,44
35,58
57,11
59,38
65,35
30,70
58,28
59,31
37,9
14,25
22,30
45,10
52,26
38,48
28,19
57,17
54,36
21,16
67,53
50,4
39,18
6,20
54,11
48,17
61,42
40,56
60,30
23,60
28,14
15,3
61,27
10,2
24,44
5,59
65,48
56,69
51,28
35,41
39,57
38,45
21,67
41,6
32,19
68,19
44,12
59,66
56,16
50,3
66,31
44,5
55,5
26,19
33,24
27,34
48,15
36,39
64,22
20,37
6,10
66,23
34,13
29,8
37,56
65,22
66,59
18,6
15,55
11,47
26,55
53,44
1,29
23,35
12,47
24,28
22,10
70,30
13,29
16,12
51,0
7,61
32,53
43,63
64,50
55,44
37,54
17,42
44,40
28,66
0,1
16,53
40,12
51,40
12,30
45,18
31,53
33,40
63,61
1,3
44,43
39,25
49,24
2,50
25,36
24,69
48,49
8,56
41,12
18,22
16,7
56,17
29,19
14,15
61,46
63,23
36,7
19,2
19,47
26,8
47,4
20,44
48,58
3,13
8,48
66,15
47,3
68,41
49,48
55,48
38,26
49,69
40,0
33,28
45,56
15,36
27,1
42,63
30,60
7,15
54,11
4,16
30,9
67,42
55,27
19,19
50,25
36,26
41,60
27,6
38,45
59,12
32,66
64,22
13,52
70,45
67,37
28,55
65,32
17,25
18,40
5,24
7,20
22,43
18,7
8,59
15,35
28,41
56,30
35,3
54,66
24,26
52,61
68,22
56,57
55,0
62,10
69,8
28,38
42,26
47,26
57,6
63,37
0,5
56,59
44,29
30,1
47,36
66,68
28,7
36,61
48,55
33,29
22,52
0,12
16,43
37,7
5,16
52,11
50,4
9,43
5,52
58,61
69,51
20,6
69,25
61,45
21,25
12,50
20,3
34,61
41,10
56,33
29,70
54,26
56,1
70,25
47,25
68,70
49,37
14,17
40,7
47,34
21,6
5,60
13,6
42,0
8,27
39,2
47,38
50,42
45,40
47,38
68,46
18,52
51,3
17,30
25,65
55,21
48,11
46,14
63,7
36,48
33,37
62,24
52,48
38,36
61,58
44,21
10,7
6,3
62,21
15,30
66,20
17,9
26,58
35,67
34,48
59,67
43,66
60,63
31,7
16,29
24,20
40,2
50,69
0,57
55,2
10,4
56,36
45,53
39,2
50,38
67,16
12,6
68,47
30,33
45,34
14,62
29,11
40,69
31,62
9,47
20,35
48,66
25,58
68,65
39,20
27,70
46,58
20,4
68,52
55,58
28,31
36,10
1,2
31,10
20,16
32,19
20,26
57,66
29,34
56,1
25,6
4,17
11,46
59,61
64,31
13,32
36,2
52,28
62,40
2,8
52,47
33,58
69,42
36,38
36,57
38,61
64,32
44,46
70,4
43,8
16,1
25,40
31,53
29,56
37,54
13,5
45,69
32,69
36,16
42,69
49,57
53,8
27,14
8,58
48,49
38,52
36,22
37,14
62,4
59,64
43,61
65,56
7,46
46,65
61,15
30,58
48,28
25,57
33,22
33,70
2,10
52,69
44,52
61,40
60,47
61,9
61,25
49,50
15,30
5,8
4,30
41,10
30,54
59,15
13,2
67,45
38,17
38,43
3,35
65,31
60,5
26,14
44,10
32,55
19,53
69,21
45,25
52,34
31,27
49,35
67,57
21,3
5,5
65,42
20,67
48,55
1,58
51,1
49,69
23,36
12,9
0,30
18,24
13,67
5,1
41,31
38,57
9,14
15,25
68,56
2,29
45,26
9,66
32,67
35,6
31,27
29,35
5,5
59,22
19,59
33,29
23,28
70,61
45,17
30,36
38,4
37,23
67,48
51,7
39,18
61,2
56,23
69,23
50,59
32,40
64,62
60,68
23,64
45,29
52,1
52,45
49,55
59,26
67,50
6,49
44,35
35,68
43,16
47,4
25,60
52,40
18,61
66,67
43,68
52,51
57,40
69,69
2,41
30,59
69,40
62,57
59,48
21,49
31,65
41,63
45,49
48,7
61,34
22,47
58,67
33,9
21,37
23,21
4,18
49,68
40,27
16,25
15,30
8,18
30,12
5,54
46,40
12,53
32,35
34,36
55,67
41,28
1,50
66,53
22,11
21,3
47,43
35,5
5,47
37,17
12,68
18,3
46,52
31,54
0,4
62,9
60,34
11,33
44,59
49,39
25,43
52,6
23,7
2,22
7,60
4,58
62,25
34,51
45,32
5,57
12,18
7,41
50,33
0,47
43,60
40,67
8,67
59,54
1,55
16,59
36,47
15,70
57,48
57,1
59,32
9,62
40,8
53,39
34,27
7,4
6,28
14,53
21,6
11,36
15,52
35,70
44,39
50,61
20,51
11,50
50,67
61,11
27,51
8,49
10,69
12,21
18,51
2,63
56,15
53,68
0,41
41,54
19,27
46,38
53,65
0,51
52,35
51,46
55,1
70,12
41,30
51,29
37,29
30,43
44,18
28,44
43,9
8,19
8,15
4,14
67,30
27,29
34,45
69,58
24,58
21,22
62,58
8,33
21,66
52,4
67,4
56,26
29,42
35,3
56,13
44,39
36,7
27,33
31,30
67,28
47,43
16,28
59,10
19,25
44,9
16,69
48,5
57,25
70,1
42,64
2,19
7,31
59,32
28,19
13,55
9,40
58,56
53,42
66,48
24,30
68,2
45,63
52,8
3,17
52,30
46,13
30,52
46,33
33,59
13,5
20,55
6,70
42,45
4,4
19,48
68,2
55,51
21,58
38,29
7,31
39,7
31,28
30,48
65,56
32,57
42,3
39,3
56,31
23,17
46,18
36,67
34,6
10,55
31,11
16,55
13,4
21,32
51,65
24,41
61,65
37,47
9,28
58,13
39,64
28,26
23,22
39,30
48,11
19,57
53,21
15,12
12,1
6,0
7,30
39,19
25,3
32,20
24,57
50,48
2,8
66,64
30,44
45,21
46,54
52,3
67,30
16,70
70,32
67,61
19,55
54,7
44,50
35,20
57,2
9,31
8,32
0,25
67,52
55,68
15,60
12,8
44,20
44,7
29,34
30,56
13,18
1,7
31,41
22,27
29,53
38,22
16,44
63,21
35,19
0,42
51,17
61,40
38,4
24,32
29,30
12,35
52,65
46,20
1,35
11,7
5,56
53,66
22,4
18,65
4,28
45,45
8,29
64,26
5,13
12,12
2,40
48,26
14,24
23,5
66,52
12,56
68,33
29,31
26,52
1,45
20,38
67,32
24,46
27,52
8,4
43,59
52,41
4,38
38,59
51,41
70,13
12,9
15,14
33,66
8,41
46,21
40,15
15,43
70,54
58,39
43,63
20,30
30,48
47,48
44,8
7,62
10,37
52,62
21,32
42,2
50,37
44,5
47,63
29,67
49,41
53,62
45,50
60,68
33,39
17,22
12,12
59,65
49,37
0,35
60,6
66,19
2,42
37,67
9,64
27,12
18,12
6,6
35,64
11,69
37,12
57,45
55,60
30,36
5,56
9,60
4,36
0,21
59,9
20,20
56,0
35,57
21,25
14,14
53,56
37,54
42,33
33,33
43,3
17,43
54,22
10,14
70,34
34,3
51,6
1,7
36,40
40,2
37,23
38,57
58,17
31,9
51,53
20,60
6,56
16,6
39,6
27,16
1,51
57,12
41,29
3,21
4,35
23,54
57,14
45,5
47,2
34,6
17,40
62,66
34,38
33,28
15,25
13,27
33,55
0,21
4,9
12,54
23,56
26,59
16,9
6,43
10,21
37,33
47,11
38,1
7,9
65,29
68,62
61,51
63,59
29,1
60,15
18,14
23,29
16,61
36,49
41,29
24,34
48,67
34,27
46,66
48,3
24,37
26,41
47,34
52,44
27,61
59,20
44,55
51,4
55,38
34,60
42,9
48,56
41,43
4,2
21,26
21,32
16,46
70,14
51,60
40,9
63,62
11,37
7,18
69,27
58,18
66,5
60,30
12,45
43,6
22,45
62,21
0,35
15,48
42,67
56,29
5,17
31,33
3,65
47,46
1,58
47,17
38,12
58,58
20,64
12,63
23,4
25,5
31,69
67,41
65,64
1,33
30,66
66,25
41,44
53,60
51,63
70,13
19,14
24,12
3,64
18,17
0,57
53,48
21,45
64,19
24,21
47,10
69,17
36,43
20,36
48,45
14,4
47,22
62,69
55,64
45,42
70,32
32,5
61,3
14,66
6,69
38,21
30,25
0,47
48,5
12,7
70,59
28,28
2,17
8,22
67,17
25,13
59,16
19,46
17,35
36,31
51,64
28,22
4,34
50,70
47,6
9,58
38,60
15,45
70,31
40,68
17,19
28,69
0,63
2,59
34,50
41,36
63,9
69,12
23,16
15,57
57,32
19,4
31,68
63,25
6,11
60,47
5,12
6,39
53,60
11,3
4,43
29,63
56,5
13,26
9,68
5,32
3,61
0,41
64,28
60,14
21,43
39,30
66,43
52,30
60,16
45,53
26,57
24,68
42,40
5,51
33,43
24,6
66,20
33,58
19,26
47,43
23,15
12,44
19,51
3,11
23,68
34,64
44,2
31,30
18,36
24,58
46,68
48,57
25,20
44,31
13,59
50,7
2,43
55,41
39,51
34,12
64,64
58,8
3,28
7,14
69,52
68,0
40,40
40,5
3,12
51,26
21,44
2,18
12,61
40,40
25,8
60,42
9,65
44,6
44,1
63,38
27,38
68,62
56,22
70,1
11,27
23,22
58,11
70,70
8,60
41,52
4,9
14,37
24,49
13,2
9,38
50,32
53,51
48,5
15,44
1,35
3,31
18,11
44,38
63,33
3,62
33,66
14,64
9,34
35,31
53,67
70,7
62,51
14,34
44,43
21,64
32,69
11,51
10,10
45,28
31,10
22,17
43,38
16,36
33,57
42,65
65,1
34,5
56,8
20,26
64,18
22,1
22,25
63,64
50,48
20,24
51,34
47,55
67,50
25,27
0,11
57,30
62,44
19,30
19,6
64,47
9,18
25,34
41,36
40,59
68,25
39,20
33,19
67,47
66,59
29,20
57,61
59,38
64,3
24,15
55,27
31,35
7,69
65,30
57,43
51,53
7,47
12,14
3,51
12,36
41,32
7,4
38,28
30,63
29,5
35,42
50,16
65,18
34,69
32,48
57,39
46,35
58,32
31,41
43,18
66,56
15,62
25,37
66,33
14,63
27,41
26,19
63,28
49,15
53,19
19,63
30,58
61,37
4,15
64,35
68,25
8,34
19,14
7,37
58,62
0,48
47,5
49,57
10,7
33,52
51,32
64,26
42,34
45,52
34,70
7,66
5,69
3,37
10,25
6,63
4,28
14,12
15,60
64,6
38,30
70,9
23,14
12,13
16,42
39,48
11,32
53,16
54,30
67,50
34,47
34,53
31,22
61,56
65,14
22,60
1,22
61,0
4,56
1,52
27,10
53,61
45,4
60,26
25,3
21,43
56,31
49,26
24,10
38,3
68,53
31,32
69,6
39,43
64,17
11,62
26,65
46,57
25,11
51,37
57,41
27,4
68,54
19,41
59,9
49,16
61,34
52,49
55,27
5,12
8,2
15,0
46,27
62,55
65,17
52,50
9,2
0,34
16,52
25,20
44,44
55,56
56,46
45,42
23,38
42,38
20,46
38,47
49,70
6,3
51,51
50,37
70,27
32,55
27,38
43,62
15,36
18,13
39,46
45,3
24,37
11,25
43,68
9,68
64,60
2,43
6,30
7,68
34,35
66,5
56,45
31,18
8,35
25,44
52,9
52,29
8,55
11,44
16,49
16,27
13,22
49,28
9,7
24,67
2,57
54,26
46,35
47,53
14,32
10,27
2,37
21,42
30,42
16,1
70,60
65,8
18,16
39,46
58,33
32,45
57,66
33,18
11,13
56,19
24,45
10,27
69,46
4,44
36,29
40,45
8,27
20,20
61,14
68,17
33,38
70,70
37,24
57,32
19,27
56,67
33,53
57,19
23,27
60,51
43,33
46,19
34,33
33,68
52,11
42,19
24,15
68,7
40,29
66,25
53,34
58,52
46,25
57,63
16,60
60,10
35,35
2,19
3,50
22,1
20,24
25,53
4,70
61,65
41,67
70,55
45,67
27,59
39,34
18,3
68,0
20,51
12,0
29,45
34,36
17,65
27,4
12,30
40,30
63,67
42,47
14,60
59,56
32,27
66,46
18,7
41,3
31,27
16,23
10,65
46,58
23,6
0,33
42,37
13,61
13,9
33,28
62,49
32,20
27,14
52,0
69,13
27,58
28,61
33,68
10,12
68,7
9,35
58,2
40,42
19,55
64,15
40,11
56,24
12,11
51,19
50,27
62,37
39,47
70,15
6,30
12,13
62,36
30,5
67,3
48,53
59,6
64,12
17,33
5,43
54,54
19,47
16,17
61,50
50,14
25,32
55,55
60,37
58,17
24,4
42,44
37,10
65,49
49,65
31,2
67,6
33,24
42,18
28,8
2,56
23,10
11,4
21,0
40,21
1,4
63,51
12,46
17,4
3,50
4,11
47,39
3,13
10,31
68,63
14,60
10,16
14,25
57,61
19,53
3,54
33,24
29,24
63,40
45,50
69,32
41,40
51,5
7,59
25,47
26,3
44,21
26,44
1,29
31,43
9,15
22,32
28,46
36,42
62,4
23,1
18,2
0,16
44,45
32,51
62,11
8,64
57,59
28,69
14,60
58,23
39,69
57,33
51,37
50,57
68,65
5,52
39,56
57,39
31,50
63,52
47,50
42,2
68,8
50,24
12,57
48,57
27,9
21,49
30,58
70,51
66,39
33,40
18,17
61,6
50,37
32,41
31,0
69,33
13,70
47,41
24,38
6,43
21,34
10,22
54,4
40,4
32,10
25,62
31,46
68,4
13,65
13,1
70,38
51,54
69,54
3,50
6,66
27,4
55,51
15,44
17,60
12,57
23,34
35,47
29,24
63,31
70,4
28,46
48,67
41,49
33,11
16,55
47,16
24,21
62,66
18,52
32,59
43,55
70,20
19,35
51,17
68,57
37,11
60,28
55,68
51,11
47,48
25,20
20,67
30,61
60,63
22,41
57,40
58,21
59,2
0,31
70,34
0,60
13,55
12,70
22,23
30,11
5,34
5,57
37,57
47,15
68,48
6,67
51,33
60,55
12,22
46,63
62,67
31,42
50,20
42,37
22,39
24,66
2,3
17,44
18,12
3,41
61,25
67,18
61,21
13,44
62,27
41,29
24,65
0,15
49,34
42,7
38,14
45,45
45,62
52,43
28,63
9,18
12,45
0,42
60,57
33,6
0,58
17,28
50,24
30,12
53,30
54,66
59,32
22,24
59,7
43,19
51,45
16,2
0,64
51,41
66,13
55,64
0,8
50,47
17,18
39,33
60,31
55,19
28,12
69,42
50,16
66,12
66,7
61,53
64,7
37,44
12,3
47,12
23,26
54,55
62,59
65,44
59,38
59,43
21,21
58,30
17,10
20,41
34,60
10,62
42,38
23,57
16,37
5,33
58,36
35,23
20,40
26,64
59,26
40,21
29,55
21,21
61,58
11,47
56,15
4,47
59,4
28,18
52,13
67,44
51,4
2,5
17,65
10,22
32,55
58,9
29,20
15,35
51,29
67,48
29,24
69,4
64,18
43,67
17,30
2,15
62,15
6,45
56,30
49,43
18,36
25,1
1,36
14,33
34,32
48,5
67,41
7,16
61,37
13,3
3,65
61,6
55,45
56,24
34,9
66,17
37,45
46,7
16,18
10,69
11,70
30,19
7,62
38,34
34,58
62,28
15,6
13,42
57,47
52,49
11,19
58,25
18,59
55,14
65,53
8,40
31,8
54,50
37,69
44,54
39,23
9,33
61,36
4,32
67,7
9,27
20,47
60,11
63,64
20,40
10,51
41,59
47,65
18,59
8,23
62,2
67,50
53,52
22,6
11,50
67,4
36,52
18,52
4,60
12,55
28,50
61,15
26,39
42,25
15,55
48,5
64,27
26,39
47,27
25,10
65,6
15,33
43,36
45,34
19,39
8,37
14,59
2,62
69,47
68,35
58,70
31,13
49,70
3,30
55,10
59,3
28,10
60,21
38,49
24,41
32,24
64,41
49,26
65,9
33,62
0,32
51,50
62,63
63,28
17,7
45,36
11,25
33,2
53,52
47,38
68,47
16,15
34,28
45,53
68,69
18,6
2,65
25,23
1,66
59,62
48,70
62,29
0,20
50,69
66,29
26,42
39,50
26,6
52,51
14,52
51,8
36,60
59,32
67,36
24,27
64,25
14,29
68,37
16,53
44,33
13,43
20,43
31,36
22,22
42,15
16,9
42,42
45,33
52,24
30,41
54,22
44,30
10,30
30,70
43,42
14,67
57,45
45,61
60,29
60,65
62,8
48,37
46,66
34,48
35,58
31,15
17,23
34,28
66,51
17,16
39,44
6,16
69,19
26,25
28,18
21,38
64,61
5,11
20,28
20,60
26,39
62,41
31,45
36,27
37,35
40,35
39,70
38,17
20,54
59,38
53,12
38,25
40,19
68,9
12,55
52,39
45,55
0,13
36,59
47,43
48,54
15,37
37,24
63,67
21,3
56,54
12,37
64,66
7,8
22,18
42,25
9,66
0,16
60,33
69,43
46,62
70,70
14,20
36,62
44,40
30,7
44,27
24,22
6,64
20,10
44,46
52,49
15,29
68,38
42,62
68,5
47,55
13,13
29,43
61,0
16,62
1,3
51,62
41,59
60,58
51,12
4,21
33,14
26,2
33,61
7,24
28,52
26,55
49,17
61,46
21,19
10,14
1,52
36,27
59,61
8,63
6,26
42,52
52,28
49,60
57,51
12,6
0,4
6,3
65,69
8,48
41,2
3,20
27,35
67,35
46,53
55,1
59,36
47,27
44,57
67,36
4,17
18,69
52,50
46,64
10,61
0,54
31,22
63,17
33,40
27,24
32,14
54,64
31,47
14,44
11,42
13,70
70,6
34,39
14,0
30,34
37,35
1,44
54,23
18,47
67,53
42,61
57,23
26,21
56,18
61,52
25,33
57,37
27,10
62,14
63,28
15,51
36,43
5,32
69,56
23,16
54,43
60,9
35,11
49,58
31,1
31,43
52,17
63,58
47,35
68,4
69,28
48,5
43,2
57,34
27,64
50,16
65,38
22,55
60,48
33,39
64,14
11,37
70,13
41,4
20,17
9,15
16,54
66,0
66,3
43,30
45,40
48,68
31,29
4,49
39,13
58,16
15,34
4,17
27,62
67,61
43,12
62,66
24,65
41,59
23,14
67,1
47,62
39,28
3,41
21,30
60,54
25,20
1,34
30,18
40,15
64,58
42,27
27,61
4,62
28,9
37,51
64,39
40,44
27,22
67,42
55,56
55,70
27,30
58,25
5,0
39,26
21,29
2,15
56,16
1,24
70,61
20,20
26,64
19,38
59,34
5,65
34,30
22,22
47,53
19,35
37,12
37,41
30,58
70,24
39,18
22,49
63,27
40,37
40,62
55,36
31,35
62,0
56,4
51,63
47,24
29,21
28,7
65,52
20,31
61,0
0,55
58,39
36,16
59,2
66,22
59,70
17,60
57,58
64,53
51,62
13,66
27,48
59,23
46,45
19,1
39,42
64,29
4,34
57,30
13,17
9,16
67,25
3,36
0,57
2,18
9,43
22,66
66,13
68,68
2,26
38,56
38,66
54,19
66,42
65,9
14,9
6,32
25,23
12,53
34,59
18,19
56,42
17,45
69,52
67,44
52,24
19,24
57,20
54,14
63,42
23,68
49,14
21,17
56,7
17,23
60,57
55,44
12,13
8,60
10,66
9,32
58,60
65,59
47,46
17,41
25,14
15,3
18,46
64,39
3,27
40,48
46,58
15,61
31,6
27,61
22,11
44,29
53,57
3,69
24,65
54,51
32,17
20,46
28,66
38,11
26,3
22,46
14,26
33,30
28,40
16,8
44,36
2,48
21,35
43,36
42,28
13,22
14,59
17,65
54,20
68,3
39,66
54,33
70,19
67,23
39,30
64,54
41,62
37,41
6,8
18,17
47,30
25,64
42,39
7,35
8,60
16,69
20,44
17,47
61,54
52,52
51,39
8,8
67,34
61,59
62,28
34,20
25,62
33,44
18,8
29,42
61,48
47,66
16,13
62,32
16,16
28,34
26,54
28,44
8,64
64,70
58,0
70,32
42,50
68,6
3,63
59,22
56,10
70,34
19,56
5,3
56,52
5,19
27,11
46,23
16,16
38,58
58,23
53,10
57,1
54,67
5,41
44,62
55,69
17,70
7,66
63,21
44,43
22,2
37,52
0,67
60,49
49,61
50,54
46,16
0,35
0,69
18,6
64,54
43,26
3,20
57,63
27,1
49,25
28,48
59,28
42,39
11,6
62,47
59,10
28,57
7,1
31,9
18,53
29,68
32,32
23,40
27,20
11,1
27,45
8,8
33,36
58,56
60,37
43,61
34,8
67,20
61,34
62,45
5,55
8,18
67,35
67,11
20,36
31,46
30,8
58,44
51,34
55,47
29,10
60,15
11,57
21,5
34,21
10,26
27,59
53,18
62,17
20,45
29,32
7,11
38,14
19,28
61,65
28,6
21,43
18,34
24,17
37,18
45,2
1,26
5,26
17,3
5,25
8,8
70,37
1,52
42,67
28,36
52,1
47,22
60,30
60,7
49,10
6,1
53,46
14,1
38,15
41,33
17,25
8,28
34,17
43,7
51,28
34,27
59,22
12,27
68,47
26,57
50,24
59,37
27,19
53,6
12,9
7,6
14,18
16,11
26,41
67,19
25,39
0,33
60,52
59,49
19,33
12,60
61,12
11,62
15,1
44,5
29,13
5,56
34,28
41,1
70,31
2,64
59,4
52,33
21,40
67,7
4,11
60,4
59,9
43,39
56,67
43,11
47,37
35,19
2,9
37,28
15,10
37,28
13,53
66,57
58,1
11,43
22,23
45,34
38,66
16,29
13,51
66,10
65,25
70,48
64,5
38,46
63,8
8,15
19,57
47,3
32,5
20,46
54,7
18,44
61,1
24,40
57,70
46,7
33,1
1,65
29,65
49,58
40,12
48,51
65,65
50,27
13,27
14,29
17,47
50,27
50,18
43,66
57,9
17,20
69,64
24,33
5,10
24,38
0,51
10,67
69,60
12,54
34,6
52,37
30,44
50,56
49,18
55,55
11,23
38,30
10,56
67,57
35,13
31,70
36,33
22,10
7,66
33,51
37,29
10,62
24,15
1,48
25,35
19,46
1,11
25,2
54,51
63,36
0,58
58,28
5,45
13,47
41,0
9,60
42,0
60,26
60,30
54,12
17,15
4,9
64,46
56,4
34,2
62,17
49,26
39,15
8,38
10,68
55,36
7,50
18,11
15,2
67,24
30,53
8,68
35,25
38,41
16,40
31,14
19,49
69,11
30,8
0,47
1,4
1,24
56,59
38,31
56,31
25,26
37,16
19,0
12,42
43,6
66,64
43,34
46,28
21,67
49,21
50,53
45,46
1,16
4,17
36,48
11,3
44,30
16,10
27,49
48,45
37,19
60,40
13,26
60,27
28,68
52,50
46,12
67,36
58,61
31,51
11,11
24,9
15,1
6,41
46,12
2,34
21,54
30,41
27,34
4,53
9,28
11,31
21,40
47,12
42,42
25,68
35,31
8,68
34,63
66,43
12,2
48,37
49,43
28,46
49,39
68,38
38,57
2,66
29,51
6,44
45,4
69,38
4,31
63,9
36,69
46,26
55,59
58,34
58,62
11,10
29,40
25,58
63,47
69,0
42,20
5,13
60,3
8,58
34,14
27,50
56,59
38,54
49,15
47,58
7,54
30,52
67,41
23,26
48,22
32,5
42,8
13,8
11,57
43,11
12,44
24,16
17,22
70,45
3,31
28,29
2,23
42,55
23,47
64,18
39,57
50,19
47,4
63,65
51,25
13,29
0,33
70,15
34,45
37,67
56,52
24,15
17,36
17,50
61,0
2,40
53,17
13,42
29,24
1,54
40,67
29,56
26,65
19,66
31,29
6,2
24,45
7,60
65,39
11,21
27,9
19,39
69,31
50,66
39,55
61,51
14,45
8,0
39,40
46,31
26,38
69,64
8,29
53,63
4,56
0,42
62,39
5,53
36,48
17,63
39,4
62,63
5,59
16,57
17,59
3,50
57,60
13,17
7,29
57,12
55,44
16,56
14,1
69,59
55,48
38,48
50,56
60,56
65,31
34,42
28,20
19,13
57,17
8,45
53,10
63,21
47,58
54,27
34,40
32,30
67,66
42,62
12,42
20,64
20,54
54,4
16,12
3,70
31,44
31,32
20,45
51,37
63,21
20,64
7,45
23,9
13,32
15,31
67,10
46,33
44,0
68,53
10,16
59,0
36,34
59,58
63,42
58,8
53,63
54,18
27,32
68,65
48,28
7,44
30,6
34,65
23,55
52,52
40,57
38,11
36,55
15,47
43,36
14,1
25,61
41,63
43,68
11,14
9,66
0,47
20,17
66,54
42,68
22,27
29,11
45,62
34,7
7,34
42,21
40,27
33,3
6,53
32,50
41,53
58,35
43,41
14,26
43,5
28,45
33,46
66,22
29,9
18,17
29,31
14,27
10,27
53,6
26,37
34,29
57,33
1,69
57,36
55,54
10,18
52,32
16,30
33,51
24,67
11,16
58,14
5,15
37,43
52,40
65,66
2,67
4,39
32,59
34,45
15,43
27,51
23,41
60,9
17,43
52,68
14,45
69,35
35,45
56,36
66,1
38,38
29,49
58,35
5,42
3,22
66,2
32,50
46,64
42,28
62,14
63,54
33,37
43,61
64,54
28,6
18,32
49,44
18,63
57,32
41,45
70,50
66,35
16,33
70,32
45,39
55,30
39,34
19,12
52,67
62,31
12,21
33,11
52,18
41,24
47,16
61,65
57,58
25,57
69,54
35,13
24,29
14,53
4,0
54,47
52,40
48,69
42,22
25,56
50,21
40,50
50,60
30,28
2,16
52,10
11,45
0,69
28,15
11,25
59,58
7,13
14,15
45,65
30,63
29,23
61,47
57,21
37,40
69,65
4,29
58,30
52,15
0,34
0,31
2,62
28,20
24,57
59,5
10,28
25,33
25,65
28,29
10,27
52,61
69,55
45,60
67,53
56,45
70,1
61,55
46,0
54,26
44,46
25,3
9,57
25,56
32,21
15,63
47,63
11,9
27,7
20,61
7,18
31,8
29,34
56,18
35,22
25,12
14,62
60,12
1,56
18,42
63,30
64,52
8,12
68,23
42,0
5,37
63,43
34,2
41,37
42,7
9,31
16,13
34,52
61,8
70,2
46,12
51,62
31,59
61,9
51,16
39,10
66,41
0,64
17,29
22,21
20,68
21,53
20,27
65,29
0,62
43,28
34,19
24,43
32,5
49,59
27,51
24,31
38,17
62,42
21,29
36,26
49,52
62,21
53,34
32,61
23,28
32,16
37,53
46,47
58,19
5,69
44,45
36,24
42,20
66,19
40,0
45,70
44,36
5,62
47,55
58,70
8,57
40,49
20,57
41,3
69,25
33,41
53,3
54,37
43,10
17,62
15,39
31,11
47,26
52,50
68,57
52,6
46,13
41,13
25,66
56,55
37,16
20,35
51,16
15,16
41,27
31,13
13,2
24,62
30,64
15,3
5,59
39,68
68,9
29,13
58,48
9,2
58,8
30,53
29,44
60,62
24,50
38,50
26,57
28,56
65,18
32,27
68,52
66,9
54,38
46,49
49,3
44,56
56,17
57,7
49,14
24,57
16,2
3,31
3,45
2,55
65,49
13,1
13,68
63,12
56,12
3,33
20,28
52,30
6,10
50,67
13,69
23,68
5,57
38,45
27,38
53,42
10,39
26,51
4,3
29,57
36,64
52,55
49,12
59,41
68,67
41,1
62,27
11,17
43,37
6,52
5,31
35,3
51,54
0,63
31,10
28,60
67,17
30,54
42,34
31,23
0,18
50,31
37,17
26,18
50,36
47,6
58,53
23,41
13,36
1,25
22,61
21,46
62,22
48,30
65,59
37,33
33,65
56,65
59,38
53,44
63,68
65,36
30,9
46,55
34,9
31,39
2,37
70,9
52,69
21,60
43,64
70,47
5,32
63,67
34,26
50,0
6,44
47,26
8,16
7,19
32,37
37,23
20,69
9,36
68,15
27,34
60,26
68,28
33,9
43,45
10,18
36,19
41,25
10,37
67,1
60,29
18,0
8,68
36,59
13,27
23,59
46,33
70,46
9,48
44,22
32,36
29,56
16,55
1,59
45,0
37,48
9,39
62,43
61,9
12,1
20,8
51,13
17,45
49,35
11,70
52,7
45,31
17,22
41,52
30,51
45,38
67,35
40,61
30,63
43,31
60,43
50,56
12,43
56,52
67,32
26,6
1,10
13,49
63,14
43,30
49,38
17,69
24,15
54,33
17,47
21,59
36,28
48,19
1,44
64,11
26,69
39,8
56,47
10,51
26,69
43,69
1,42
1,4
9,41
17,49
27,32
21,8
54,20
58,27
59,38
51,37
67,0
16,34
43,32
14,16
2,35
46,26
3,68
4,56
35,56
16,49
37,30
10,57
55,35
58,4
63,14
15,44
45,60
55,35
63,64
12,59
25,9
69,28
9,58
64,41
4,4
52,68
46,11
65,58
21,49
33,67
23,8
31,13
46,3
17,61
52,50
40,8
21,43
39,38
13,2
58,37
32,36
23,52
39,40
20,53
67,32
69,8
24,43
54,48
48,7
30,51
55,55
40,46
60,42
28,5
41,29
44,55
36,15
15,0
10,10
6,24
36,70
2,13
42,51
49,14
66,11
33,7
11,14
51,40
52,55
6,17
55,61
12,46
10,25
27,29
44,67
17,10
57,36
29,33
33,47
50,24
2,12
48,60
47,34
46,10
36,41
55,19
14,17
15,0
28,41
14,0
34,46
59,59
36,69
63,7
21,37
7,29
47,31
52,24
41,31
49,34
45,28
69,55
52,61
44,68
27,15
29,24
56,52
42,46
63,32
30,62
44,29
43,58
63,15
24,66
17,61
20,41
5,26
8,23
46,23
39,10
63,53
28,7
35,23
39,35
53,37
55,62
38,69
60,13
55,32
18,50
19,3
17,31
28,20
11,56
37,54
35,69
4,8
50,42
5,39
10,23
60,9
36,68
67,69
15,46
32,2
60,17
67,29
38,30
58,52
51,38
67,19
36,1
62,4
8,24
43,63
36,7
65,54
7,36
13,41
58,66
62,21
1,50
18,70
68,15
22,55
54,60
19,33
22,17
27,19
6,18
29,68
3,5
68,38
11,48
58,23
6,42
43,2
62,64
35,13
19,53
50,50
11,29
43,45
25,24
2,2
0,48
28,14
56,15
62,38
3,38
44,46
59,20
43,30
17,8
66,70
33,45
61,6
33,46
55,22
45,36
60,3
32,49
5,49
66,44
10,12
31,12
23,41
22,2
51,55
64,9
32,12
22,44
8,24
67,28
40,19
65,25
45,41
45,54
15,62
66,17
5,26
27,26
23,39
25,37
32,69
53,2
17,11
32,62
66,50
53,66
49,63
8,21
59,4
42,44
63,70
29,48
54,1
32,50
64,55
62,24
17,23
59,44
36,30
64,19
44,59
70,15
30,11
64,47
66,28
16,16
34,12
61,10
14,68
17,52
24,26
3,11
50,46
59,28
6,9
67,47
11,16
13,13
11,40
23,33
47,6
37,32
4,36
66,39
10,68
27,19
13,50
66,38
66,66
3,0
50,28
51,32
56,15
38,11
48,17
5,12
58,40
56,2
25,59
56,67
18,52
40,31
57,55
61,55
17,31
63,65
36,23
55,41
70,49
68,8
67,35
24,59
48,29
12,49
41,61
43,45
38,66
44,55
47,69
57,45
69,44
18,31
55,48
14,17
48,34
29,66
66,20
68,53
7,53
4,22
49,14
27,6
52,46
37,26
3,25
7,14
68,62
19,17
48,26
18,43
41,5
14,47
42,65
6,17
26,53
7,50
59,69
42,44
48,22
66,31
65,12
33,53
14,12
16,26
60,54
66,28
54,64
53,37
19,40
64,69
25,29
1,10
43,46
4,26
36,22
2,25
39,61
50,33
50,48
57,19
16,13
51,35
50,29
11,65
42,61
12,38
5,27
2,57
3,39
47,21
52,5
21,65
20,61
23,47
7,10
46,41
25,47
5,23
30,67
5,38
54,45
13,33
31,69
13,33
41,55
21,5
55,58
65,38
64,40
49,54
30,64
59,70
45,57
17,15
63,43
65,34
65,50
13,42
42,37
4,41
68,32
9,17
48,65
35,33
28,70
70,37
49,23
31,2
8,48
37,31
26,21
11,64
51,21
40,19
36,43
40,11
32,57
48,70
22,48
10,46
38,1
64,34
43,64
61,5
3,61
51,15
5,54
1,14
17,33
28,32
41,62
40,3
46,49
16,17
32,11
63,59
35,49
24,18
1,30
61,13
57,25
40,19
47,19
18,24
12,1
70,41
42,60
8,34
37,5
38,56
18,22
8,63
62,18
21,61
21,43
58,1
56,68
36,2
38,14
29,45
19,47
50,16
5,55
38,0
21,57
11,13
6,23
27,24
48,19
65,64
24,10
37,39
11,57
60,34
0,64
33,36
67,9
70,16
63,64
37,65
14,9
0,34
70,31
17,56
68,16
14,24
37,48
40,58
2,35
58,59
63,22
42,50
33,12
48,2
31,54
51,57
46,2
27,6
41,25
21,64
22,10
67,29
0,40
4,62
38,6
55,68
6,54
10,49
11,16
35,1
14,48
19,12
69,32
63,35
52,45
16,48
52,13
7,55
10,45
58,62
6,38
40,60
17,55
3,56
49,18
15,28
58,55
22,30
22,34
43,28
23,43
50,25
6,36
7,13
34,11
21,68
4,18
35,1
5,40
63,69
6,7
56,67
42,17
5,54
28,41
43,0
30,9
13,21
46,44
7,2
19,2
53,53
46,15
20,59
13,6
3,4
3,21
54,8
4,26
26,50
67,25
44,5
70,47
30,21
9,45
41,20
52,30
17,35
57,27
11,25
57,47
37,64
10,32
48,51
11,69
27,55
29,34
0,47
41,7
67,64
61,33
0,3
70,60
30,39
35,40
9,24
40,66
41,47
50,64
3,6
24,67
7,15
5,38
21,20
56,63
10,25
39,3
50,15
23,70
61,0
45,17
32,23
3,61
42,47
64,52
65,24
67,18
12,6
41,63
44,48
35,9
29,65
42,57
58,54
62,32
21,38
24,49
59,23
40,33
32,48
56,21
64,12
65,5
34,16
49,69
14,43
36,18
65,36
4,10
11,61
44,64
63,58
38,60
64,65
22,31
26,10
31,20
27,1
49,33
70,1
19,63
29,50
2,39
4,2
10,45
51,65
36,0
29,16
8,23
23,6
47,10
26,19
47,22
69,13
51,53
63,49
70,39
24,47
57,62
33,36
62,12
52,1
25,62
37,15
22,11
32,34
0,49
53,55
30,25
7,49
3,65
64,13
69,23
17,33
12,36
22,4
22,30
4,44
7,67
64,47
19,53
33,12
25,59
21,2
42,4
30,12
36,1
10,18
4,30
0,15
24,26
58,24
65,63
46,11
64,42
33,37
66,23
20,27
43,16
35,52
55,31
60,27
9,16
6,69
68,4
27,63
69,3
21,33
59,34
26,31
32,55
60,70
48,70
51,48
60,41
56,44
51,28
38,8
15,10
31,26
52,70
35,65
13,41
51,7
42,38
35,40
48,34
64,40
66,67
68,69
53,49
63,49
18,62
50,64
61,32
65,22
53,15
0,65
22,29
30,21
60,67
6,16
29,36
32,29
29,47
4,40
12,31
42,66
45,40
11,23
60,55
56,43
52,42
67,7
60,39
59,12
35,24
8,39
46,43
10,42
69,58
10,3
18,41
47,53
35,52
21,70
41,5
18,64
7,61
60,7
61,51
19,30
17,59
22,5
37,37
10,40
56,69
12,5
26,36
60,1
45,16
36,52
9,63
1,55
67,23
5,48
32,29
33,48
65,27
21,15
64,65
68,39
27,31
39,66
51,23
63,31
1,37
37,39
43,7
70,3
30,42
44,48
52,29
23,41
59,39
1,21
50,45
25,64
14,6
61,66
39,68
65,51
59,62
37,12
39,28
62,67
63,2
69,48
65,16
57,12
11,62
5,2
36,36
31,27
58,19
18,59
13,0
33,3
39,21
32,38
25,29
11,61
10,50
40,60
53,24
13,61
45,45
68,56
46,33
10,29
40,36
5,23
42,13
14,50
53,21
54,28
62,41
56,68
48,63
45,12
10,16
30,4
4,3
40,55
39,52
64,18
42,37
64,63
38,53
46,50
59,38
28,7
5,34
33,16
53,36
58,56
56,65
52,25
50,41
35,5
43,27
58,39
51,27
23,10
62,16
28,49
7,5
63,16
9,32
26,49
66,11
10,55
19,9
56,5
0,5
14,34
44,35
44,26
52,37
26,12
47,70
42,16
31,11
52,44
66,6
36,40
48,70
44,54
37,18
13,34
13,37
58,6
45,11
63,22
49,41
0,61
16,59
66,67
31,6
39,49
6,65
5,23
45,6
13,50
61,17
6,8
31,7
67,9
58,23
64,31
62,2
1,29
13,9
40,21
28,42
19,2
37,5
6,49
35,28
60,3
38,59
58,61
59,20
55,50
62,61
5,60
24,50
5,59
26,58
45,18
21,50
51,38
33,56
10,13
5,70
61,31
37,46
49,47
68,10
44,51
22,16
46,11
45,31
57,11
22,61
13,31
1,50
60,19
33,65
21,15
62,28
55,39
54,41
57,35
2,60
56,45
39,7
22,57
38,43
59,39
40,55
36,27
1,68
63,51
56,50
68,20
6,18
27,47
31,29
58,36
12,1
51,56
53,37
37,25
3,25
7,14
66,53
45,39
15,50
26,11
54,20
58,32
15,12
13,52
44,65
60,56
12,47
68,5
63,59
4,36
17,63
14,10
29,56
21,36
43,36
21,55
0,0
46,26
29,15
6,49
46,68
21,22
19,58
57,62
26,52
34,57
20,68
37,68
10,19
15,30
69,38
55,31
38,4
65,36
51,58
32,17
55,35
17,27
26,62
51,39
55,17
0,13
20,49
46,5
12,1
53,19
3,34
2,25
61,45
26,39
50,24
12,5
23,47
29,44
42,25
53,19
55,70
14,60
29,63
21,42
21,41
42,11
12,56
21,19
34,41
6,5
22,38
2,66
20,68
53,37
29,55
16,28
60,31
14,57
11,17
7,18
19,66
31,23
63,23
38,12
62,61
32,18
49,22
40,28
20,60
32,29
58,7
61,44
16,63
28,56
38,18
59,54
56,61
31,27
6,53
35,59
14,50
32,7
70,3
58,48
9,27
8,17
27,30
35,59
67,29
21,51
63,14
50,66
37,30
34,50
67,34
46,15
26,23
25,12
22,62
29,44
38,45
30,65
2,61
13,13
15,34
31,55
26,4
20,37
13,61
46,66
14,16
10,58
56,11
55,53
43,6
47,16
33,21
39,66
5,4
35,49
35,41
33,62
62,68
6,60
49,15
35,61
66,48
66,46
15,49
19,26
37,18
17,32
16,14
34,32
65,45
43,15
29,16
38,14
16,40
62,55
0,29
33,64
18,44
13,23
56,17
58,23
35,51
10,28
26,33
42,6
0,51
55,22
31,59
62,9
15,31
59,29
3,16
36,27
52,24
0,16
62,43
50,63
18,69
65,27
57,18
19,2
66,45
12,33
65,2
69,70
56,31
52,31
10,1
47,59
40,33
16,64
61,3
21,0
31,33
28,18
19,40
16,20
52,52
3,18
2,46
19,56
58,70
1,18
54,6
51,14
50,63
49,39
7,40
46,66
28,37
52,64
64,11
6,2
53,1
61,31
39,33
39,11
69,26
31,26
20,1
42,53
34,6
7,33
11,70
20,58
38,13
2,11
5,33
61,39
57,10
43,31
69,35
65,33
3,41
1,62
11,47
21,1
68,33
70,7
0,16
64,55
58,25
24,50
47,53
60,2
0,17
28,41
41,22
55,64
40,17
56,67
46,54
70,43
58,51
7,10
63,52
9,31
21,38
3,64
16,2
18,8
51,40
66,62
26,33
51,20
51,42
22,68
5,68
12,50
17,25
19,7
52,37
35,22
42,10
40,65
61,20
2,58
6,36
38,4
30,30
3,23
29,63
44,41
42,12
41,27
61,20
0,43
45,41
53,7
7,34
39,30
32,9
21,28
57,47
9,24
55,17
24,58
36,69
29,2
14,44
11,35
64,22
57,46
31,45
10,38
35,62
12,61
59,18
3,28
13,33
51,44
24,23
13,50
34,60
12,49
67,68
21,6
59,60
26,39
43,18
55,6
17,6
39,13
9,69
51,67
38,11
56,35
33,66
64,1
23,13
48,62
34,14
70,5
15,12
2,52
56,59
25,5
5,54
38,56
69,61
49,22
40,38
12,34
45,12
28,40
67,36
49,20
5,25
49,27
60,46
56,60
50,61
51,44
18,66
4,36
30,42
45,42
8,7
19,41
35,13
2,8
54,45
49,39
40,26
70,46
50,4
21,38
65,68
54,33
41,0
0,49
39,47
11,68
46,33
70,10
10,47
27,57
14,64
66,46
31,24
24,1
22,36
30,44
11,38
36,43
52,5
48,49
6,21
5,33
26,33
64,61
22,21
45,6
23,53
55,31
36,6
33,21
47,61
42,48
63,58
68,4
48,16
26,60
48,42
64,42
28,58
12,66
33,58
69,7
32,13
63,13
37,43
28,41
23,46
57,32
47,6
37,63
25,21
2,61
12,4
23,45
8,25
58,42
48,7
58,42
69,52
65,58
66,39
26,56
19,52
17,11
63,7
28,58
47,21
60,41
42,62
4,69
16,33
69,26
40,4
11,3
17,3
14,47
19,51
52,33
27,38
38,50
43,31
1,16
24,3
62,4
53,66
9,42
61,16
36,7
28,1
17,56
27,37
16,37
3,37
35,43
8,13
17,19
43,51
67,43
37,55
16,42
21,24
38,24
46,67
9,68
61,68
33,25
9,48
36,41
46,45
24,14
22,38
44,70
62,2
35,35
6,33
48,4
20,35
16,18
60,32
52,2
59,25
40,68
70,10
2,38
54,8
3,34
6,16
65,31
5,40
58,31
35,8
54,70
45,54
13,63
1,9
11,2
18,5
62,10
43,29
46,29
13,60
25,67
31,12
29,9
69,70
9,35
64,44
62,23
47,68
34,36
26,61
70,39
30,38
27,16
13,23
27,45
23,36
57,41
6,59
37,24
28,38
62,48
58,12
11,34
52,34
37,25
22,12
11,11
14,26
9,56
5,46
15,31
46,19
52,13
10,54
56,26
15,23
28,54
69,62
29,44
51,55
38,1
6,0
15,57
49,19
50,56
15,42
37,37
57,16
15,27
61,57
43,13
34,53
1,43
37,59
13,54
42,7
50,7
23,52
66,15
27,48
62,8
66,46
60,33
66,14
10,59
14,30
2,62
40,54
28,45
70,0
16,20
65,69
58,6
3,47
54,45
36,23
35,1
57,31
36,41
17,68
62,64
58,21
23,51
24,46
24,22
54,16
27,49
35,52
16,9
47,23
43,51
29,38
30,49
13,6
33,33
11,48
9,70
40,15
3,28
15,36
58,24
70,43
27,27
4,12
20,37
14,14
42,16
5,11
17,63
26,64
9,28
34,50
65,64
51,61
0,42
51,11
66,33
44,34
34,28
64,70
34,28
11,30
10,37
1,59
44,49
1,24
59,64
66,47
1,18
47,63
1,21
26,4
17,49
63,69
57,29
2,19
49,29
0,17
11,50
58,40
40,46
57,5
4,10
57,33
34,56
26,54
34,13
48,41
49,50
30,47
67,30
55,49
2,25
26,0
9,38
57,9
4,49
50,64
1,15
48,23
55,15
62,32
53,70
1,29
58,46
25,70
58,67
54,38
33,40
58,39
55,46
37,21
37,70
65,68
22,7
32,3
42,52
22,36
54,14
56,32
37,66
47,69
17,16
5,59
1,39
23,5
47,2
24,54
31,36
6,42
5,1
62,13
8,23
39,5
12,1
13,27
17,39
61,46
42,29
69,38
43,45
34,5
24,28
44,14
12,56
7,55
70,55
19,21
66,5
37,34
33,59
49,52
43,17
5,0
43,48
63,34
40,16
21,16
36,40
15,10
46,65
64,62
64,70
65,11
55,63
62,70
51,19
67,38
23,67
42,23
27,57
8,43
48,8
66,22
49,61
23,62
33,3
4,4
17,6
19,49
18,69
7,26
52,18
6,16
45,56
51,23
66,59
22,34
18,48
1,27
18,39
10,7
29,70
58,21
39,35
10,55
21,41
63,43
65,56
0,3
0,19
16,31
12,13
70,29
7,0
49,57
21,24
35,10
26,7
41,38
50,26
4,62
17,32
62,69
64,7
52,47
16,63
29,10
67,69
44,55
55,62
39,22
21,38
30,63
51,11
4,49
44,7
46,32
44,33
25,8
41,59
59,31
7,55
10,3
52,21
25,26
53,55
6,19
30,53
52,8
7,43
15,65
47,53
27,45
32,35
45,40
40,50
14,61
43,60
70,19
49,60
15,33
41,43
45,29
40,42
38,50
62,58
40,56
62,8
70,26
64,14
57,49
17,15
0,35
53,20
15,36
41,20
68,35
10,4
32,47
36,10
52,43
9,70
40,16
22,22
59,37
3,14
47,39
20,69
35,23
28,27
61,59
38,28
69,56
27,41
64,53
25,3
55,64
62,32
6,55
53,44
20,3
35,59
20,63
17,14
5,6
16,10
9,33
16,22
36,2
1,15
57,38
14,29
31,51
26,50
66,27
64,11
6,22
39,63
43,1
25,55
31,38
40,36
20,35
24,27
70,59
31,70
33,45
59,33
28,58
70,10
56,64
21,4
7,51
19,52
36,56
28,32
48,66
20,22
39,42
60,30
21,30
37,25
2,50
18,0
59,0
5,45
59,30
7,12
25,57
21,45
45,20
41,55
41,8
24,60
41,61
66,20
5,30
33,21
21,31
1,69
12,53
68,53
12,25
63,17
26,61
63,21
3,61
12,60
45,22
23,23
3,18
6,37
69,11
47,2
68,68
10,28
14,0
53,9
3,38
55,52
29,57
19,30
6,56
34,35
59,25
44,31
37,56
43,25
12,6
33,44
34,33
31,50
65,13
52,38
64,4
2,34
30,22
42,23
12,32
67,39
19,45
42,34
68,15
50,54
14,48
14,9
19,65
32,4
6,10
66,43
16,43
62,66
69,1
63,31
58,33
8,41
53,10
7,43
61,29
65,32
63,4
64,5
17,15
49,50
65,52
26,25
35,35
1,67
20,38
26,5
48,33
38,31
63,41
3,49
27,43
14,50
2,60
21,37
63,5
51,8
3,32
22,59
37,1
33,54
14,49
46,69
20,51
53,58
24,58
50,10
65,28
20,14
47,52
25,58
34,28
41,53
22,7
69,6
7,53
24,4
38,49
17,5
10,44
7,3
5,61
12,7
60,6
53,58
45,60
43,29
15,28
49,56
12,70
34,62
27,49
31,40
34,66
63,37
19,58
0,5
64,2
23,22
7,50
62,26
52,21
18,61
42,11
27,50
15,45
2,37
50,47
67,66
17,66
30,21
16,21
53,52
8,7
41,60
47,56
0,9
41,12
56,22
60,46
55,58
47,50
32,32
60,47
55,50
55,44
52,57
23,56
22,34
18,33
40,61
55,65
25,14
25,23
6,45
29,19
4,13
22,48
8,20
38,36
68,12
24,0
11,44
15,6
25,17
40,20
29,51
61,20
49,34
6,58
57,32
69,20
49,8
33,1
33,37
9,52
6,26
7,31
58,24
3,5
28,53
34,21
7,54
19,63
33,20
69,39
17,70
19,62
62,67
49,64
28,21
48,63
65,2
46,48
24,21
46,14
34,47
32,0
4,33
17,39
9,15
70,56
60,43
67,3
23,2
69,25
24,0
55,51
33,25
4,46
44,63
37,31
53,29
58,66
14,32
16,57
13,70
19,51
17,59
62,0
36,53
42,35
44,45
36,63
33,59
40,25
37,44
44,35
47,19
3,69
24,62
21,45
59,13
19,60
69,10
36,70
39,64
40,18
8,31
34,52
14,13
23,37
29,59
24,22
47,7
20,22
50,63
67,15
7,6
8,35
67,22
4,31
61,18
59,2
43,62
37,48
69,38
55,55
18,56
51,17
19,69
17,23
25,27
13,51
33,34
43,25
15,48
23,11
61,67
45,54
51,24
40,34
15,70
27,14
22,10
46,66
70,47
10,50
61,32
53,50
14,17
50,29
16,4
56,70
3,25
62,55
62,1
68,44
37,10
4,52
44,34
46,49
23,42
8,27
45,21
2,48
69,49
19,44
50,8
36,57
28,57
65,36
13,33
37,63
60,42
7,46
17,18
65,47
47,64
50,48
70,68
55,15
68,1
36,37
41,61
56,57
32,38
29,42
42,33
40,62
0,23
34,17
20,13
52,67
40,14
15,51
43,20
56,47
51,1
46,8
6,17
18,22
2,29
32,27
18,21
25,40
17,45
12,40
36,23
70,27
65,60
54,39
48,13
49,23
42,66
40,22
51,36
56,68
8,39
15,49
30,42
44,53
50,55
48,7
47,68
38,13
52,19
37,50
41,32
18,21
23,35
0,1
29,33
31,14
69,53
51,40
34,27
1,11
30,59
33,35
12,33
32,13
29,40
38,54
20,55
16,67
51,12
50,20
30,24
21,60
33,3
31,4
3,24
40,10
40,65
44,51
33,57
31,7
3,21
44,22
28,58
62,30
16,3
2,23
33,16
33,33
26,70
55,61
59,64
29,43
35,14
22,40
63,58
53,56
56,17
3,2
36,53
46,57
70,14
27,53
6,16
28,10
35,19
63,23
61,51
40,18
13,47
23,4
43,37
32,54
67,35
18,69
20,30
42,31
56,31
27,32
28,35
33,62
63,69
37,12
24,11
20,17
14,38
30,41
50,22
18,56
48,4
40,66
60,37
19,12
32,14
2,34
9,29
7,70
61,29
4,45
22,28
27,14
35,38
46,4
28,45
61,30
54,43
3,13
10,7
33,35
50,0
31,47
26,54
54,10
16,46
36,33
26,40
19,30
46,7
8,10
41,66
70,58
23,62
30,36
49,20
10,4
45,50
26,6
25,26
51,38
7,51
69,61
55,70
63,12
62,67
32,21
65,1
68,44
53,17
48,64
63,25
30,36
66,59
15,63
12,0
56,61
37,9
41,32
30,12
48,55
44,56
22,46
24,33
14,32
37,68
12,62
13,15
35,43
32,6
35,17
24,13
22,46
1,58
6,31
8,4
5,49
52,29
70,65
20,59
20,21
24,10
10,10
34,0
38,12
25,7
68,6
47,45
55,8
63,19
53,23
3,8
60,29
28,37
4,47
24,2
62,26
47,7
7,48
46,35
42,17
15,40
16,27
39,17
4,69
65,46
1,42
0,20
67,63
1,70
2,24
58,39
23,1
66,47
11,7
43,44
48,63
30,19
12,13
31,60
34,44
49,52
39,29
51,14
69,4
37,13
31,14
23,9
17,40
55,45
1,22
70,23
64,14
8,16
36,53
61,14
43,61
18,19
36,59
47,25
66,19
56,45
61,21
16,44
49,38
60,56
68,54
38,52
64,47
65,4
38,26
39,10
10,12
60,39
66,30
4,56
43,68
29,31
41,60
41,16
25,22
2,52
66,16
65,54
69,62
63,22
68,28
23,10
3,38
30,24
24,24
27,50
5,7
9,54
11,47
63,5
49,70
25,61
30,23
35,28
19,3
22,5
64,43
63,58
55,69
19,35
42,63
69,24
40,18
12,10
16,21
12,29
43,31
44,6
67,28
0,55
34,2
43,24
35,0
30,4
39,28
46,5
40,27
69,9
27,18
28,24
20,17
43,5
3,57
70,61
15,41
47,40
37,25
23,67
43,50
0,58
53,12
22,15
20,46
44,70
10,35
41,32
58,45
58,57
53,48
66,0
64,18
66,16
17,10
25,18
42,57
35,22
31,2
65,11
27,9
66,2
28,39
10,15
42,26
2,33
8,43
61,53
47,69
39,11
52,51
68,31
47,11
50,19
38,27
63,37
31,13
59,46
65,26
36,54
33,67
1,60
4,67
18,58
21,18
27,64
32,58
44,65
69,47
5,2
64,58
45,59
60,28
30,38
6,29
61,3
58,60
0,42
19,8
37,9
23,25
10,54
35,35
21,7
6,70
10,15
33,41
12,28
26,51
3,49
67,18
56,51
7,65
67,29
58,29
50,37
63,65
68,57
3,66
41,36
63,55
62,52
51,33
9,20
35,47
18,47
29,5
53,28
47,68
51,57
31,6
36,24
5,37
47,62
25,34
22,58
30,15
13,53
16,41
37,59
68,18
24,17
19,45
27,34
7,56
14,8
52,45
28,11
60,53
49,13
3,10
19,0
10,52
32,64
17,4
33,43
30,3
19,70
3,36
3,8
23,23
30,31
70,7
23,22
57,38
7,46
20,19
65,40
49,70
56,14
68,15
34,52
51,58
44,49
14,58
48,15
50,26
16,11
21,39
16,67
68,63
19,16
40,38
59,7
46,16
15,8
61,41
14,8
34,60
8,11
53,16
8,66
21,52
0,38
27,66
66,19
23,60
38,3
44,27
20,18
19,32
10,33
7,47
4,64
46,20
15,9
37,44
37,37
31,11
10,39
60,1
7,31
20,15
16,60
45,16
60,32
24,35
5,0
5,29
41,18
56,26
34,10
45,34
42,11
40,0
60,46
27,64
36,20
22,35
36,39
2,12
69,43
47,50
0,51
38,49
46,45
2,16
41,1
56,67
52,33
57,6
19,44
7,8
57,8
2,46
68,31
34,60
70,33
16,21
18,44
67,29
41,28
24,32
59,7
47,44
12,57
35,53
11,17
14,14
37,14
63,5
0,52
35,55
59,27
48,55
15,37
58,1
45,6
8,54
46,8
0,49
59,57
52,29
51,51
32,37
44,64
22,39
21,69
34,62
25,34
19,7
64,3
15,29
46,39
57,2
66,57
31,33
44,27
16,42
43,44
29,32
52,10
28,39
31,17
1,2
44,67
58,40
54,15
11,20
4,4
57,58
49,55
58,58
15,21
61,38
4,64
4,42
61,55
14,58
24,4
45,66
32,17
25,32
15,48
11,20
37,52
54,38
65,18
26,1
39,11
20,4
7,20
34,21
7,40
15,11
25,8
55,53
61,63
38,53
32,49
69,13
56,22
41,61
27,10
57,50
30,4
27,39
67,52
54,16
37,56
65,19
67,9
49,68
41,10
0,44
47,15
37,56
50,57
39,63
38,40
44,17
46,68
19,34
53,31
47,10
46,65
62,56
13,54
69,26
69,63
21,45
57,27
23,38
43,9
42,28
8,60
33,20
5,61
16,44
50,36
63,53
53,20
35,61
11,63
38,39
61,65
67,7
35,5
39,12
15,29
12,47
6,44
57,24
57,36
39,7
29,13
62,45
37,64
45,18
55,29
25,43
64,56
4,56
70,59
42,5
70,58
70,37
18,43
68,67
33,26
23,10
5,61
41,31
60,13
5,13
65,49
61,13
63,7
56,27
23,52
10,27
22,60
27,20
53,49
22,7
4,1
27,17
12,17
25,1
1,44
45,41
3,11
45,32
1,52
42,36
29,60
13,31
32,46
63,7
67,4
60,46
17,69
68,16
59,38
31,63
15,6
5,35
59,33
52,69
15,62
66,38
63,46
59,7
68,39
59,68
8,49
69,31
29,61
65,3
9,41
39,62
64,7
13,68
49,8
13,11
16,68
32,21
55,6
39,27
1,9
45,20
67,45
31,24
37,69
61,62
20,49
13,18
49,50
6,58
43,53
58,41
40,45
56,9
49,28
30,41
5,42
5,5
50,38
64,40
16,13
57,59
40,10
60,55
8,12
28,23
1,6
18,12
33,56
63,22
14,16
19,25
23,69
6,35
67,49
70,27
44,23
9,70
54,3
61,54
30,34
21,37
31,6
51,25
67,51
38,10
22,30
40,18
27,26
49,19
17,46
65,56
14,39
64,58
44,45
36,11
28,22
13,58
36,44
19,66
6,48
54,36
29,15
5,62
53,67
66,35
46,55
23,40
12,50
22,30
5,53
49,52
52,7
58,6
47,27
68,58
53,21
23,25
11,37
53,18
2,1
46,64
48,14
41,60
15,23
69,54
12,44
25,67
6,59
33,66
36,61
54,62
35,18
7,44
63,49
42,56
40,12
10,63
29,3
60,36
40,18
55,57
23,63
39,24
50,36
5,61
43,18
52,3
29,69
43,44
34,62
14,10
26,9
9,4
56,43
16,24
58,10
53,6
54,1
53,64
52,50
16,65
17,5
4,1
70,45
56,21
39,5
41,59
70,7
12,2
14,13
36,13
21,29
12,1
70,5
48,7
52,23
19,1
42,9
8,3
67,7
59,21
48,53
38,63
8,45
22,1
4,2
46,38
13,63
32,51
46,16
35,30
39,28
16,9
11,33
47,39
67,16
41,14
50,69
9,30
46,42
11,42
65,35
13,11
9,4
44,42
55,18
49,11
27,48
22,8
35,64
28,24
65,6
17,57
21,60
62,23
55,14
3,26
57,23
48,70
47,12
66,52
40,32
13,62
29,7
60,14
16,56
47,45
18,63
20,20
25,23
12,59
52,34
17,40
41,26
26,40
9,19
58,4
22,44
68,39
62,53
26,58
59,3
59,8
39,17
66,40
65,44
37,45
34,11
38,5
11,70
45,10
52,60
4,34
37,35
12,17
55,36
39,70
56,64
1,39
42,54
28,10
4,8
30,11
59,0
17,45
51,3
55,49
57,0
0,27
23,64
44,31
39,15
53,20
69,45
52,23
25,32
65,37
59,20
42,24
35,51
66,33
12,57
30,47
26,62
16,21
9,61
67,12
54,19
45,52
70,54
0,25
64,11
22,20
22,5
53,25
64,17
55,21
63,68
69,63
52,28
15,50
31,38
59,44
5,68
18,28
42,46
44,49
27,36
62,66
10,14
38,57
38,60
7,18
43,32
45,29
10,62
59,56
41,28
50,54
56,21
30,46
6,0
54,64
63,15
41,17
15,38
14,5
10,51
19,38
26,22
51,32
46,66
44,43
29,23
32,29
44,47
30,14
49,7
31,7
46,40
57,20
18,57
68,42
20,21
27,2
45,68
35,14
60,10
21,53
24,56
55,38
61,57
10,62
43,54
44,60
19,12
51,17
1,18
14,30
53,51
25,46
54,16
7,27
63,24
32,31
56,10
15,65
29,53
47,24
44,46
54,45
0,0
25,24
34,47
53,23
24,57
45,56
70,13
44,14
7,22
68,22
1,1
27,41
54,17
48,12
40,1
6,36
51,7
10,60
51,27
51,21
13,32
13,38
22,48
14,34
66,28
27,56
29,34
67,63
53,22
27,37
42,64
8,40
60,48
35,65
31,59
37,3
42,27
65,32
35,64
62,1
9,50
47,35
20,14
3,65
7,43
48,49
3,9
10,7
63,0
57,35
39,47
51,57
54,35
12,56
11,37
40,27
29,32
49,39
70,35
25,3
32,26
6,68
63,45
9,58
16,27
43,57
42,46
47,18
8,39
67,61
64,42
43,36
44,44
19,42
60,12
59,4
18,53
4,14
48,19
43,51
67,6
11,11
29,41
63,44
43,6
30,29
66,0
21,52
65,19
2,67
43,56
2,8
9,49
17,21
67,64
17,30
34,9
34,58
60,47
63,41
66,50
26,31
25,70
57,31
30,44
64,64
39,7
49,45
38,6
8,18
18,28
48,7
55,1
15,20
43,29
56,42
36,61
17,45
66,0
8,11
15,16
51,14
64,6
55,36
26,23
67,34
5,70
26,13
69,50
8,58
69,34
56,45
33,36
47,13
5,34
35,41
40,58
58,2
35,60
0,39
11,21
25,16
52,51
23,40
32,59
8,22
26,13
31,63
23,9
54,36
62,45
22,26
59,17
11,31
14,54
47,58
1,25
8,59
68,11
65,48
50,61
61,0
50,30
45,18
3,23
61,60
0,53
56,38
28,8
18,5
57,52
49,7
68,0
65,61
43,43
6,43
29,26
70,59
19,54
3,44
61,65
60,42
35,40
7,56
48,49
21,69
8,15
45,66
45,39
51,1
38,26
7,25
58,45
19,3
38,59
40,18
44,70
45,21
60,19
22,30
2,19
19,47
17,30
48,8
26,24
38,34
55,6
13,59
23,2
41,26
40,12
43,68
13,11
63,29
55,38
6,59
38,13
1,63
35,39
39,52
8,36
50,8
18,51
26,30
70,38
4,51
11,45
14,26
10,64
62,11
69,44
7,34
32,31
58,44
9,53
33,68
56,1
40,44
69,10
13,19
43,7
0,10
36,8
1,68
9,64
35,14
10,51
47,15
11,3
3,65
53,28
45,69
26,52
2,44
30,36
55,68
2,48
16,51
36,30
32,30
24,52
52,64
45,34
59,10
35,33
17,34
67,33
48,60
44,34
22,40
9,6
8,12
14,48
4,12
59,4
50,47
56,32
8,47
3,39
61,54
12,60
25,31
59,3
44,59
28,61
64,40
30,56
54,33
5,19
29,14
67,8
51,44
11,15
60,10
55,6
64,47
70,5
20,18
17,60
42,49
19,51
29,26
42,54
50,2
12,64
41,61
3,58
38,27
69,26
58,23
61,33
29,43
8,27
2,1
50,2
1,49
31,0
41,67
63,57
48,28
10,27
16,22
21,32
44,21
7,24
23,0
15,15
70,37
35,21
67,35
6,8
65,34
30,22
44,20
18,53
11,59
28,60
43,56
15,66
48,0
44,12
12,14
32,24
56,67
6,18
19,5
52,61
12,54
69,31
40,42
57,10
25,44
51,10
26,2
50,6
8,4
38,60
56,63
1,41
56,32
35,41
43,55
68,3
7,17
37,61
33,45
33,18
70,18
35,1
5,9
60,0
15,44
16,0
63,67
27,64
2,67
20,14
15,49
53,28
3,36
57,29
59,38
13,18
49,19
40,49
31,61
23,12
17,20
61,19
54,33
38,2
61,59
39,26
68,68
15,47
26,54
29,54
7,55
1,68
14,40
31,7
60,60
21,13
49,67
50,58
53,63
14,17
34,25
1,40
57,48
29,37
61,10
14,58
48,36
20,67
39,16
7,18
69,36
45,60
4,36
30,51
47,59
3,12
63,49
56,16
42,44
35,35
1,44
29,27
26,34
44,0
62,1
3,39
22,54
1,19
56,36
29,45
38,59
34,51
4,38
54,17
7,48
28,15
3,10
38,3
59,65
15,60
57,34
38,23
39,52
59,19
9,28
49,65
60,31
28,22
18,34
66,14
26,39
57,20
19,68
22,65
10,29
61,32
29,48
53,17
34,43
70,68
44,21
69,3
67,37
21,39
25,31
54,11
23,29
8,40
28,12
52,51
21,12
60,38
44,51
31,1
49,49
0,41
48,17
40,43
68,34
8,15
63,18
64,46
0,20
27,69
37,19
23,21
26,67
38,30
27,16
57,40
11,50
48,57
60,5
61,23
39,62
27,34
13,53
38,61
59,56
23,35
4,66
33,42
27,6
59,70
11,36
36,62
48,12
52,42
23,1
15,44
31,7
38,13
56,8
16,4
0,39
16,60
60,69
56,37
60,39
33,34
33,23
22,5
34,12
49,12
17,57
36,20
67,23
2,9
43,40
37,35
59,67
55,7
42,57
28,52
14,58
34,53
56,9
52,27
21,33
18,25
28,24
48,65
24,11
14,44
38,8
44,60
32,53
55,40
3,70
60,36
0,24
53,51
49,43
50,6
8,33
7,31
39,17
8,70
25,44
18,67
48,47
59,47
40,23
32,54
45,53
40,36
36,11
25,11
19,70
55,31
13,9
68,46
17,33
67,7
24,20
35,11
64,24
26,19
34,46
7,21
54,53
34,60
1,4
43,54
11,46
0,58
38,61
46,66
42,45
50,23
35,56
35,60
2,42
2,55
21,5
28,20
46,22
23,24
47,15
36,25
67,32
41,69
24,0
49,4
35,37
33,24
24,62
59,37
26,44
51,12
7,67
25,40
1,53
61,54
15,23
1,62
4,6
16,66
68,58
3,48
35,9
59,61
26,50
50,22
62,6
15,56
57,22
62,39
62,61
36,26
18,28
38,25
5,8
46,4
52,9
24,47
10,6
27,27
20,11
64,16
64,6
11,33
42,20
6,49
26,69
48,54
17,2
30,7
32,67
56,51
44,9
32,52
66,13
58,29
52,17
3,35
4,39
34,56
13,39
49,24
13,60
59,17
22,8
22,39
52,52
6,64
68,48
37,3
62,26
39,59
46,6
45,62
7,44
59,16
29,17
20,8
63,69
49,19
3,67
26,40
5,14
49,63
38,40
43,59
34,52
45,14
63,50
7,6
23,44
63,14
8,18
20,44
14,19
19,34
0,19
3,49
32,67
21,42
61,5
42,32
6,63
32,19
58,13
65,21
19,68
59,1
10,35
66,3
38,50
39,40
55,0
51,5
33,33
34,25
14,45
4,62
51,31
20,14
34,36
3,40
50,65
24,63
15,2
54,37
51,45
0,6
63,60
6,27
49,24
11,48
33,47
19,46
43,13
54,48
38,41
60,41
1,15
5,38
24,36
30,42
56,14
42,13
41,47
8,31
63,58
39,15
33,59
0,39
70,38
46,5
29,16
50,37
3,45
41,34
51,21
19,55
19,29
59,32
57,57
53,69
62,44
44,53
66,14
33,17
10,46
44,25
41,8
2,40
32,37
45,30
27,36
56,34
38,66
47,36
27,15
34,58
45,31
29,42
6,40
61,67
67,17
45,50
61,18
12,42
51,64
61,49
4,35
13,25
33,68
62,44
41,42
32,53
27,32
51,51
60,32
9,40
13,6
58,36
64,41
14,28
42,58
18,21
48,18
22,67
31,17
9,70
55,17
39,65
51,25
23,11
66,14
34,56
41,70
56,45
49,48
40,48
60,8
30,21
54,34
54,44
43,19
12,14
5,51
6,44
51,68
68,21
65,22
47,67
8,23
19,20
53,53
22,58
29,4
45,17
0,65
61,68
43,18
11,65
43,29
49,33
16,47
15,60
21,63
62,52
11,22
51,2
48,51
4,2
60,70
34,16
12,22
57,64
21,1
9,34
66,49
39,8
4,7
46,3
55,22
69,43
43,48
44,41
32,67
54,51
8,51
54,58
57,45
28,42
0,48
46,15
13,23
59,44
9,61
37,69
12,36
22,26
63,34
69,20
28,57
35,36
23,42
46,70
25,67
58,9
46,12
9,45
67,40
21,60
6,58
59,4
39,11
49,27
65,40
16,33
68,60
